category,subcategory,model,raw_n_atoms,raw_n_residue_types,raw_n_valid_residue_types,raw_non_standard_residues,raw_n_backbone_breaks,raw_max_break_distance,raw_n_peptide_bonds,raw_n_bond_outliers,raw_mean_bond_length,raw_std_bond_length,raw_n_backbone_angles,raw_n_angle_outliers,raw_mean_backbone_angle,raw_std_backbone_angle,raw_n_clashes,raw_worst_clash,raw_n_aromatic_rings,raw_n_nonplanar_rings,raw_max_ring_deviation,raw_n_omega_angles,raw_n_cis,raw_n_trans,raw_n_twisted,raw_mean_abs_omega,raw_n_chiral_centers,raw_n_d_amino_acids,raw_n_residues,raw_n_incomplete_residues,raw_n_missing_backbone_atoms,raw_rosetta_score
Experimental,original,exp,3933,20,20,,0,0.0,479,0,1.3277,0.0053,482,9,110.42,4.04,3,0.537,66,0,0.0064,479,1,478,0,178.45,463,0,482,0,0,2432.51
Experimental,relaxed_cartesian_beta,r1,7869,20,20,,0,0.0,479,0,1.3323,0.0088,482,1,110.98,2.57,6,0.926,66,0,0.0129,479,1,478,0,177.17,463,0,482,0,0,-1837.52
Experimental,relaxed_cartesian_beta,r2,7869,20,20,,0,0.0,479,0,1.3322,0.0086,482,0,110.99,2.51,3,0.818,66,0,0.0107,479,1,478,0,177.18,463,0,482,0,0,-1866.56
Experimental,relaxed_cartesian_beta,r3,7869,20,20,,0,0.0,479,0,1.3323,0.0088,482,1,110.99,2.55,10,0.935,66,0,0.012,479,1,478,0,177.22,463,0,482,0,0,-1882.72
Experimental,relaxed_cartesian_beta,r4,7869,20,20,,0,0.0,479,0,1.3324,0.0086,482,0,111.06,2.58,5,0.972,66,0,0.0135,479,1,478,0,177.18,463,0,482,0,0,-1872.13
Experimental,relaxed_cartesian_beta,r5,7869,20,20,,0,0.0,479,0,1.3325,0.0086,482,0,111.09,2.56,5,0.998,66,0,0.0139,479,1,478,0,177.16,463,0,482,0,0,-1875.2
Experimental,relaxed_cartesian_ref15,r1,7869,20,20,,0,0.0,479,0,1.3314,0.0085,482,0,111.11,2.38,5,0.78,66,0,0.0132,479,1,478,0,177.05,463,0,482,0,0,-2009.0
Experimental,relaxed_cartesian_ref15,r2,7869,20,20,,0,0.0,479,0,1.3314,0.0079,482,0,111.16,2.38,9,0.906,66,0,0.0098,479,1,478,0,177.12,463,0,482,0,0,-2026.3
Experimental,relaxed_cartesian_ref15,r3,7869,20,20,,0,0.0,479,0,1.3313,0.0083,482,0,111.03,2.36,7,0.948,66,0,0.0102,479,1,478,0,177.03,463,0,482,0,0,-2018.89
Experimental,relaxed_cartesian_ref15,r4,7869,20,20,,0,0.0,479,0,1.3316,0.0082,482,0,111.13,2.48,9,0.996,66,0,0.0092,479,1,478,0,177.09,463,0,482,0,0,-1989.6
Experimental,relaxed_cartesian_ref15,r5,7869,20,20,,0,0.0,479,0,1.3312,0.0083,482,0,111.16,2.44,8,0.971,66,0,0.0118,479,1,478,0,177.11,463,0,482,0,0,-2008.29
Experimental,relaxed_dualspace_beta,r1,7860,20,20,,0,0.0,479,0,1.3323,0.0084,482,0,111.1,2.45,6,0.827,66,0,0.0126,479,1,478,0,177.23,463,0,482,0,0,-1819.73
Experimental,relaxed_dualspace_beta,r2,7860,20,20,,0,0.0,479,0,1.3321,0.0083,482,1,111.05,2.49,5,0.965,66,0,0.0135,479,1,478,0,177.22,463,0,482,0,0,-1826.78
Experimental,relaxed_dualspace_beta,r3,7860,20,20,,0,0.0,479,0,1.3323,0.0088,482,0,111.08,2.48,5,0.899,66,0,0.0128,479,1,478,0,177.22,463,0,482,0,0,-1816.42
Experimental,relaxed_dualspace_beta,r4,7860,20,20,,0,0.0,479,0,1.3324,0.0085,482,1,111.02,2.52,5,0.95,66,0,0.0132,479,1,478,0,177.18,463,0,482,0,0,-1806.21
Experimental,relaxed_dualspace_beta,r5,7860,20,20,,0,0.0,479,0,1.3318,0.009,482,0,111.08,2.43,4,0.954,66,0,0.0159,479,1,478,0,177.27,463,0,482,0,0,-1834.3
Experimental,relaxed_dualspace_ref15,r1,7860,20,20,,0,0.0,479,0,1.3314,0.0085,482,0,111.14,2.55,7,0.884,66,0,0.0144,479,1,478,0,177.11,463,0,482,0,0,-1973.46
Experimental,relaxed_dualspace_ref15,r2,7860,20,20,,0,0.0,479,0,1.3313,0.0085,482,0,111.15,2.39,8,0.964,66,0,0.0163,479,1,478,0,177.21,463,0,482,0,0,-2003.35
Experimental,relaxed_dualspace_ref15,r3,7860,20,20,,0,0.0,479,0,1.3313,0.0084,482,1,111.09,2.46,8,0.956,66,0,0.0167,479,1,478,0,177.06,463,0,482,0,0,-1959.05
Experimental,relaxed_dualspace_ref15,r4,7860,20,20,,0,0.0,479,0,1.3313,0.0084,482,0,111.1,2.47,7,0.918,66,0,0.0141,479,1,478,0,177.19,463,0,482,0,0,-1953.2
Experimental,relaxed_dualspace_ref15,r5,7860,20,20,,0,0.0,479,0,1.3313,0.0082,482,0,111.07,2.45,8,0.927,66,0,0.0134,479,1,478,0,177.11,463,0,482,0,0,-1926.17
Experimental,relaxed_normal_beta,r1,7869,20,20,,0,0.0,479,0,1.3277,0.0054,482,9,110.42,4.04,5,0.65,66,0,0.0017,479,1,478,0,176.09,463,0,482,0,0,-1361.62
Experimental,relaxed_normal_beta,r2,7869,20,20,,0,0.0,479,0,1.3277,0.0053,482,9,110.41,4.04,4,0.921,66,0,0.0019,479,1,478,0,176.17,463,0,482,0,0,-1338.61
Experimental,relaxed_normal_beta,r3,7869,20,20,,0,0.0,479,0,1.3278,0.0053,482,9,110.42,4.04,3,0.717,66,0,0.0018,479,1,478,0,176.23,463,0,482,0,0,-1353.85
Experimental,relaxed_normal_beta,r4,7869,20,20,,0,0.0,479,0,1.3277,0.0053,482,9,110.42,4.04,9,1.046,66,0,0.0013,479,1,478,0,176.03,463,0,482,0,0,-1350.56
Experimental,relaxed_normal_beta,r5,7869,20,20,,0,0.0,479,0,1.3277,0.0054,482,9,110.41,4.04,5,1.022,66,0,0.0019,479,1,478,0,176.0,463,0,482,0,0,-1349.91
Experimental,relaxed_normal_ref15,r1,7869,20,20,,0,0.0,479,0,1.3277,0.0054,482,9,110.42,4.04,10,0.965,66,0,0.0019,479,1,478,0,176.06,463,0,482,0,0,-1477.17
Experimental,relaxed_normal_ref15,r2,7869,20,20,,0,0.0,479,0,1.3278,0.0053,482,9,110.41,4.04,3,0.969,66,0,0.0019,479,1,478,0,175.95,463,0,482,0,0,-1461.14
Experimental,relaxed_normal_ref15,r3,7869,20,20,,0,0.0,479,0,1.3277,0.0053,482,9,110.41,4.04,7,1.029,66,0,0.0016,479,1,478,0,176.04,463,0,482,0,0,-1490.96
Experimental,relaxed_normal_ref15,r4,7869,20,20,,0,0.0,479,0,1.3277,0.0054,482,9,110.41,4.04,6,0.966,66,0,0.0051,479,1,478,0,176.07,463,0,482,0,0,-1487.27
Experimental,relaxed_normal_ref15,r5,7869,20,20,,0,0.0,479,0,1.3278,0.0053,482,9,110.42,4.04,10,0.973,66,0,0.0052,479,1,478,0,176.1,463,0,482,0,0,-1449.87
AlphaFold,raw,model0,4912,20,20,,0,0.0,299,0,1.3341,0.0048,301,0,111.46,1.7,13,1.09,37,0,0.0161,299,1,298,0,174.8,288,0,301,0,0,-659.4
AlphaFold,raw,model1,2454,20,20,,0,0.0,299,0,1.2991,0.0344,301,0,111.01,0.71,2,1.015,37,0,0.0005,299,1,298,0,176.12,288,0,301,0,0,833.64
AlphaFold,raw,model2,2454,20,20,,0,0.0,299,2,1.296,0.0407,301,0,111.02,0.71,3,0.719,37,0,0.0005,299,1,298,0,176.03,288,0,301,0,0,354.68
AlphaFold,raw,model3,2454,20,20,,0,0.0,299,0,1.2908,0.0393,301,0,111.02,0.71,1,0.601,37,0,0.0006,299,1,298,0,176.09,288,0,301,0,0,31.68
AlphaFold,raw,model4,2454,20,20,,0,0.0,299,1,1.2878,0.0437,301,0,111.02,0.71,4,0.931,37,0,0.0005,299,1,298,0,176.03,288,0,301,0,0,78.27
AlphaFold,relaxed_cartesian_beta,ranked_0_r1,4912,20,20,,0,0.0,299,0,1.3325,0.0083,301,0,111.28,2.52,17,1.014,37,0,0.0086,299,1,298,0,177.11,288,0,301,0,0,-1192.18
AlphaFold,relaxed_cartesian_beta,ranked_0_r2,4912,20,20,,0,0.0,299,0,1.3325,0.0081,301,0,111.29,2.51,15,1.057,37,0,0.0082,299,1,298,0,177.08,288,0,301,0,0,-1201.45
AlphaFold,relaxed_cartesian_beta,ranked_0_r3,4912,20,20,,0,0.0,299,0,1.3326,0.0082,301,0,111.25,2.53,18,0.999,37,0,0.0069,299,1,298,0,177.16,288,0,301,0,0,-1201.16
AlphaFold,relaxed_cartesian_beta,ranked_0_r4,4912,20,20,,0,0.0,299,0,1.3324,0.0084,301,0,111.2,2.63,17,0.914,37,0,0.0098,299,1,298,0,177.07,288,0,301,0,0,-1189.12
AlphaFold,relaxed_cartesian_beta,ranked_0_r5,4912,20,20,,0,0.0,299,0,1.333,0.0082,301,0,111.29,2.65,10,0.914,37,0,0.0095,299,1,298,0,177.04,288,0,301,0,0,-1193.75
AlphaFold,relaxed_cartesian_beta,ranked_1_r1,4912,20,20,,0,0.0,299,0,1.3324,0.0081,301,0,111.25,2.52,12,1.002,37,0,0.0108,299,1,298,0,177.17,288,0,301,0,0,-1188.68
AlphaFold,relaxed_cartesian_beta,ranked_1_r2,4912,20,20,,0,0.0,299,0,1.3325,0.0083,301,0,111.23,2.56,10,1.018,37,0,0.0086,299,1,298,0,177.12,288,0,301,0,0,-1192.24
AlphaFold,relaxed_cartesian_beta,ranked_1_r3,4912,20,20,,0,0.0,299,0,1.3326,0.0079,301,0,111.22,2.53,12,1.004,37,0,0.0084,299,1,298,0,177.15,288,0,301,0,0,-1192.7
AlphaFold,relaxed_cartesian_beta,ranked_1_r4,4912,20,20,,0,0.0,299,0,1.3324,0.0081,301,0,111.23,2.52,5,1.014,37,0,0.0087,299,1,298,0,177.18,288,0,301,0,0,-1193.92
AlphaFold,relaxed_cartesian_beta,ranked_1_r5,4912,20,20,,0,0.0,299,0,1.3323,0.0083,301,0,111.2,2.49,14,0.911,37,0,0.0084,299,1,298,0,177.11,288,0,301,0,0,-1192.92
AlphaFold,relaxed_cartesian_beta,ranked_2_r1,4912,20,20,,0,0.0,299,0,1.3325,0.0084,301,0,111.23,2.51,11,0.969,37,0,0.0103,299,1,298,0,177.09,288,0,301,0,0,-1190.05
AlphaFold,relaxed_cartesian_beta,ranked_2_r2,4912,20,20,,0,0.0,299,0,1.3328,0.0083,301,0,111.28,2.54,13,1.004,37,0,0.0089,299,1,298,0,177.1,288,0,301,0,0,-1188.91
AlphaFold,relaxed_cartesian_beta,ranked_2_r3,4912,20,20,,0,0.0,299,0,1.3326,0.0083,301,0,111.23,2.56,14,1.027,37,0,0.0103,299,1,298,0,177.06,288,0,301,0,0,-1178.71
AlphaFold,relaxed_cartesian_beta,ranked_2_r4,4912,20,20,,0,0.0,299,0,1.3327,0.0084,301,0,111.34,2.56,10,1.026,37,0,0.0085,299,1,298,0,177.06,288,0,301,0,0,-1182.7
AlphaFold,relaxed_cartesian_beta,ranked_2_r5,4912,20,20,,0,0.0,299,0,1.3328,0.0082,301,0,111.35,2.54,14,0.97,37,0,0.0075,299,1,298,0,177.14,288,0,301,0,0,-1194.44
AlphaFold,relaxed_cartesian_beta,ranked_3_r1,4912,20,20,,0,0.0,299,0,1.3323,0.0087,301,0,111.24,2.53,8,0.943,37,0,0.0083,299,1,298,0,177.1,288,0,301,0,0,-1200.09
AlphaFold,relaxed_cartesian_beta,ranked_3_r2,4912,20,20,,0,0.0,299,0,1.3324,0.0084,301,0,111.29,2.44,13,0.922,37,0,0.01,299,1,298,0,177.1,288,0,301,0,0,-1190.6
AlphaFold,relaxed_cartesian_beta,ranked_3_r3,4912,20,20,,0,0.0,299,0,1.3327,0.0085,301,0,111.27,2.43,12,1.009,37,0,0.011,299,1,298,0,177.16,288,0,301,0,0,-1207.2
AlphaFold,relaxed_cartesian_beta,ranked_3_r4,4912,20,20,,0,0.0,299,0,1.3323,0.0086,301,0,111.29,2.43,9,0.936,37,0,0.0104,299,1,298,0,177.11,288,0,301,0,0,-1198.72
AlphaFold,relaxed_cartesian_beta,ranked_3_r5,4912,20,20,,0,0.0,299,0,1.3324,0.0084,301,0,111.26,2.46,11,0.927,37,0,0.0091,299,1,298,0,177.09,288,0,301,0,0,-1205.02
AlphaFold,relaxed_cartesian_beta,ranked_4_r1,4912,20,20,,0,0.0,299,0,1.3322,0.0084,301,0,111.2,2.52,12,0.976,37,0,0.0096,299,1,298,0,177.06,288,0,301,0,0,-1169.98
AlphaFold,relaxed_cartesian_beta,ranked_4_r2,4912,20,20,,0,0.0,299,0,1.3324,0.0084,301,0,111.21,2.51,6,0.951,37,0,0.01,299,1,298,0,177.09,288,0,301,0,0,-1160.05
AlphaFold,relaxed_cartesian_beta,ranked_4_r3,4912,20,20,,0,0.0,299,0,1.3323,0.0084,301,0,111.22,2.55,10,0.919,37,0,0.0075,299,1,298,0,177.04,288,0,301,0,0,-1181.23
AlphaFold,relaxed_cartesian_beta,ranked_4_r4,4912,20,20,,0,0.0,299,0,1.3324,0.0085,301,0,111.24,2.5,13,0.932,37,0,0.0063,299,1,298,0,177.09,288,0,301,0,0,-1172.81
AlphaFold,relaxed_cartesian_beta,ranked_4_r5,4912,20,20,,0,0.0,299,0,1.3321,0.0085,301,0,111.19,2.49,15,0.926,37,0,0.0072,299,1,298,0,177.05,288,0,301,0,0,-1179.59
AlphaFold,relaxed_cartesian_ref15,ranked_0_r1,4912,20,20,,0,0.0,299,0,1.3317,0.0083,301,0,111.35,2.49,9,1.02,37,0,0.0108,299,1,298,0,176.88,288,0,301,0,0,-1245.82
AlphaFold,relaxed_cartesian_ref15,ranked_0_r2,4912,20,20,,0,0.0,299,0,1.3315,0.0084,301,0,111.28,2.44,6,0.91,37,0,0.0121,299,1,298,0,176.85,288,0,301,0,0,-1251.38
AlphaFold,relaxed_cartesian_ref15,ranked_0_r3,4912,20,20,,0,0.0,299,0,1.3318,0.0081,301,0,111.3,2.5,11,0.937,37,0,0.008,299,1,298,0,176.87,288,0,301,0,0,-1263.07
AlphaFold,relaxed_cartesian_ref15,ranked_0_r4,4912,20,20,,0,0.0,299,0,1.3316,0.008,301,0,111.3,2.5,14,0.916,37,0,0.0087,299,1,298,0,176.86,288,0,301,0,0,-1249.26
AlphaFold,relaxed_cartesian_ref15,ranked_0_r5,4912,20,20,,0,0.0,299,0,1.3317,0.0081,301,0,111.31,2.56,8,0.973,37,0,0.0088,299,1,298,0,176.86,288,0,301,0,0,-1258.99
AlphaFold,relaxed_cartesian_ref15,ranked_1_r1,4912,20,20,,0,0.0,299,0,1.3315,0.0078,301,0,111.3,2.28,12,0.978,37,0,0.0087,299,1,298,0,176.95,288,0,301,0,0,-1258.2
AlphaFold,relaxed_cartesian_ref15,ranked_1_r2,4912,20,20,,0,0.0,299,0,1.3316,0.0077,301,0,111.31,2.32,7,0.906,37,0,0.0077,299,1,298,0,176.95,288,0,301,0,0,-1256.33
AlphaFold,relaxed_cartesian_ref15,ranked_1_r3,4912,20,20,,0,0.0,299,0,1.3318,0.008,301,1,111.28,2.38,12,0.958,37,0,0.0088,299,1,298,0,176.87,288,0,301,0,0,-1262.11
AlphaFold,relaxed_cartesian_ref15,ranked_1_r4,4912,20,20,,0,0.0,299,0,1.3313,0.0079,301,0,111.26,2.36,9,0.996,37,0,0.0071,299,1,298,0,176.98,288,0,301,0,0,-1254.5
AlphaFold,relaxed_cartesian_ref15,ranked_1_r5,4912,20,20,,0,0.0,299,0,1.3313,0.0078,301,0,111.27,2.33,9,1.037,37,0,0.0086,299,1,298,0,176.99,288,0,301,0,0,-1255.76
AlphaFold,relaxed_cartesian_ref15,ranked_2_r1,4912,20,20,,0,0.0,299,0,1.3315,0.008,301,0,111.35,2.29,12,1.024,37,0,0.0079,299,1,298,0,177.0,288,0,301,0,0,-1247.59
AlphaFold,relaxed_cartesian_ref15,ranked_2_r2,4912,20,20,,0,0.0,299,0,1.3316,0.0083,301,0,111.33,2.44,7,0.915,37,0,0.0072,299,1,298,0,176.95,288,0,301,0,0,-1241.53
AlphaFold,relaxed_cartesian_ref15,ranked_2_r3,4912,20,20,,0,0.0,299,0,1.3316,0.0083,301,0,111.31,2.42,7,0.965,37,0,0.0083,299,1,298,0,176.95,288,0,301,0,0,-1254.33
AlphaFold,relaxed_cartesian_ref15,ranked_2_r4,4912,20,20,,0,0.0,299,0,1.3315,0.0081,301,0,111.35,2.35,11,0.984,37,0,0.0107,299,1,298,0,177.04,288,0,301,0,0,-1237.46
AlphaFold,relaxed_cartesian_ref15,ranked_2_r5,4912,20,20,,0,0.0,299,0,1.3316,0.0079,301,0,111.28,2.38,22,1.069,37,0,0.0096,299,1,298,0,176.95,288,0,301,0,0,-1250.16
AlphaFold,relaxed_cartesian_ref15,ranked_3_r1,4912,20,20,,0,0.0,299,0,1.3316,0.0082,301,0,111.35,2.24,15,0.934,37,0,0.0102,299,1,298,0,176.95,288,0,301,0,0,-1258.39
AlphaFold,relaxed_cartesian_ref15,ranked_3_r2,4912,20,20,,0,0.0,299,0,1.3316,0.0082,301,0,111.36,2.33,12,1.021,37,0,0.0138,299,1,298,0,176.99,288,0,301,0,0,-1248.04
AlphaFold,relaxed_cartesian_ref15,ranked_3_r3,4912,20,20,,0,0.0,299,0,1.3317,0.008,301,0,111.32,2.23,16,0.973,37,0,0.0077,299,1,298,0,177.06,288,0,301,0,0,-1245.93
AlphaFold,relaxed_cartesian_ref15,ranked_3_r4,4912,20,20,,0,0.0,299,0,1.3316,0.0081,301,0,111.34,2.36,8,0.96,37,0,0.0114,299,1,298,0,176.98,288,0,301,0,0,-1256.41
AlphaFold,relaxed_cartesian_ref15,ranked_3_r5,4912,20,20,,0,0.0,299,0,1.3315,0.0081,301,0,111.39,2.28,16,1.004,37,0,0.0087,299,1,298,0,177.02,288,0,301,0,0,-1258.78
AlphaFold,relaxed_cartesian_ref15,ranked_4_r1,4912,20,20,,0,0.0,299,0,1.3318,0.0084,301,0,111.36,2.45,12,0.964,37,0,0.0155,299,1,298,0,176.98,288,0,301,0,0,-1247.43
AlphaFold,relaxed_cartesian_ref15,ranked_4_r2,4912,20,20,,0,0.0,299,0,1.3318,0.0083,301,0,111.3,2.4,19,0.973,37,0,0.0118,299,1,298,0,176.98,288,0,301,0,0,-1237.85
AlphaFold,relaxed_cartesian_ref15,ranked_4_r3,4912,20,20,,0,0.0,299,0,1.3316,0.0084,301,0,111.31,2.47,13,1.014,37,0,0.0093,299,1,298,0,176.93,288,0,301,0,0,-1254.61
AlphaFold,relaxed_cartesian_ref15,ranked_4_r4,4912,20,20,,0,0.0,299,0,1.3315,0.0081,301,0,111.28,2.38,12,1.075,37,0,0.0122,299,1,298,0,176.97,288,0,301,0,0,-1240.26
AlphaFold,relaxed_cartesian_ref15,ranked_4_r5,4912,20,20,,0,0.0,299,0,1.3315,0.0083,301,0,111.38,2.31,8,0.855,37,0,0.0082,299,1,298,0,176.92,288,0,301,0,0,-1227.0
AlphaFold,relaxed_dualspace_beta,ranked_0_r1,4908,20,20,,0,0.0,299,0,1.3323,0.0081,301,0,111.22,2.52,9,1.066,37,0,0.0086,299,1,298,0,177.07,288,0,301,0,0,-1174.95
AlphaFold,relaxed_dualspace_beta,ranked_0_r2,4908,20,20,,0,0.0,299,0,1.3325,0.0085,301,0,111.23,2.56,8,0.936,37,0,0.0106,299,1,298,0,177.11,288,0,301,0,0,-1211.6
AlphaFold,relaxed_dualspace_beta,ranked_0_r3,4908,20,20,,0,0.0,299,0,1.3325,0.0083,301,0,111.24,2.58,10,0.894,37,0,0.0104,299,1,298,0,177.05,288,0,301,0,0,-1200.16
AlphaFold,relaxed_dualspace_beta,ranked_0_r4,4908,20,20,,0,0.0,299,0,1.3324,0.0086,301,0,111.21,2.6,16,1.011,37,0,0.0121,299,1,298,0,177.11,288,0,301,0,0,-1203.37
AlphaFold,relaxed_dualspace_beta,ranked_0_r5,4908,20,20,,0,0.0,299,0,1.3323,0.0085,301,0,111.19,2.48,16,0.934,37,0,0.0123,299,1,298,0,177.04,288,0,301,0,0,-1195.7
AlphaFold,relaxed_dualspace_beta,ranked_1_r1,4906,20,20,,0,0.0,299,0,1.3321,0.0083,301,0,111.21,2.57,12,0.881,37,0,0.0074,299,1,298,0,177.17,288,0,301,0,0,-1166.34
AlphaFold,relaxed_dualspace_beta,ranked_1_r2,4906,20,20,,0,0.0,299,0,1.3323,0.0085,301,0,111.17,2.4,13,0.987,37,0,0.0104,299,1,298,0,177.25,288,0,301,0,0,-1170.11
AlphaFold,relaxed_dualspace_beta,ranked_1_r3,4906,20,20,,0,0.0,299,0,1.3322,0.0084,301,0,111.2,2.5,18,0.905,37,0,0.0108,299,1,298,0,177.14,288,0,301,0,0,-1167.65
AlphaFold,relaxed_dualspace_beta,ranked_1_r4,4906,20,20,,0,0.0,299,0,1.3322,0.0084,301,0,111.27,2.48,9,0.893,37,0,0.0106,299,1,298,0,177.23,288,0,301,0,0,-1168.41
AlphaFold,relaxed_dualspace_beta,ranked_1_r5,4906,20,20,,0,0.0,299,0,1.3325,0.0081,301,0,111.2,2.46,13,1.031,37,0,0.0099,299,1,298,0,177.24,288,0,301,0,0,-1166.93
AlphaFold,relaxed_dualspace_beta,ranked_2_r1,4906,20,20,,0,0.0,299,0,1.3321,0.0087,301,0,111.13,2.56,20,1.034,37,0,0.0104,299,1,298,0,177.19,288,0,301,0,0,-1165.31
AlphaFold,relaxed_dualspace_beta,ranked_2_r2,4906,20,20,,0,0.0,299,0,1.332,0.0088,301,0,111.23,2.44,12,0.939,37,0,0.0109,299,1,298,0,177.27,288,0,301,0,0,-1161.58
AlphaFold,relaxed_dualspace_beta,ranked_2_r3,4906,20,20,,0,0.0,299,0,1.3322,0.0084,301,0,111.2,2.47,15,0.937,37,0,0.0144,299,1,298,0,177.16,288,0,301,0,0,-1167.1
AlphaFold,relaxed_dualspace_beta,ranked_2_r4,4906,20,20,,0,0.0,299,0,1.3324,0.0086,301,0,111.28,2.54,10,0.959,37,0,0.0071,299,1,298,0,177.21,288,0,301,0,0,-1158.42
AlphaFold,relaxed_dualspace_beta,ranked_2_r5,4906,20,20,,0,0.0,299,0,1.3322,0.0087,301,0,111.15,2.41,12,0.957,37,0,0.0108,299,1,298,0,177.18,288,0,301,0,0,-1169.47
AlphaFold,relaxed_dualspace_beta,ranked_3_r1,4906,20,20,,0,0.0,299,0,1.3325,0.009,301,0,111.22,2.49,17,0.94,37,0,0.0111,299,1,298,0,177.26,288,0,301,0,0,-1174.08
AlphaFold,relaxed_dualspace_beta,ranked_3_r2,4906,20,20,,0,0.0,299,0,1.3322,0.0087,301,0,111.21,2.46,12,0.994,37,0,0.0156,299,1,298,0,177.18,288,0,301,0,0,-1153.18
AlphaFold,relaxed_dualspace_beta,ranked_3_r3,4906,20,20,,0,0.0,299,0,1.3323,0.0088,301,0,111.32,2.54,9,0.88,37,0,0.0211,299,1,298,0,177.21,288,0,301,0,0,-1171.79
AlphaFold,relaxed_dualspace_beta,ranked_3_r4,4906,20,20,,0,0.0,299,0,1.3321,0.009,301,0,111.3,2.42,9,0.934,37,0,0.0164,299,1,298,0,177.25,288,0,301,0,0,-1165.75
AlphaFold,relaxed_dualspace_beta,ranked_3_r5,4906,20,20,,0,0.0,299,0,1.3324,0.0089,301,0,111.2,2.42,11,0.912,37,0,0.0072,299,1,298,0,177.21,288,0,301,0,0,-1166.12
AlphaFold,relaxed_dualspace_beta,ranked_4_r1,4906,20,20,,0,0.0,299,0,1.3321,0.0087,301,0,111.29,2.55,8,0.995,37,0,0.0103,299,1,298,0,177.16,288,0,301,0,0,-1149.07
AlphaFold,relaxed_dualspace_beta,ranked_4_r2,4906,20,20,,0,0.0,299,0,1.3322,0.0088,301,0,111.13,2.57,17,0.96,37,0,0.0118,299,1,298,0,177.15,288,0,301,0,0,-1132.59
AlphaFold,relaxed_dualspace_beta,ranked_4_r3,4906,20,20,,0,0.0,299,0,1.3319,0.0086,301,0,111.21,2.46,10,0.892,37,0,0.0097,299,1,298,0,177.19,288,0,301,0,0,-1144.28
AlphaFold,relaxed_dualspace_beta,ranked_4_r4,4906,20,20,,0,0.0,299,0,1.332,0.0082,301,0,111.29,2.43,7,0.955,37,0,0.0102,299,1,298,0,177.17,288,0,301,0,0,-1155.38
AlphaFold,relaxed_dualspace_beta,ranked_4_r5,4906,20,20,,0,0.0,299,0,1.3326,0.0089,301,0,111.24,2.49,13,1.073,37,0,0.0113,299,1,298,0,177.15,288,0,301,0,0,-1150.15
AlphaFold,relaxed_dualspace_ref15,ranked_0_r1,4908,20,20,,0,0.0,299,0,1.3316,0.0081,301,0,111.28,2.36,9,0.955,37,0,0.0079,299,1,298,0,176.93,288,0,301,0,0,-1260.33
AlphaFold,relaxed_dualspace_ref15,ranked_0_r2,4908,20,20,,0,0.0,299,0,1.3315,0.0078,301,0,111.27,2.38,13,0.943,37,0,0.0128,299,1,298,0,176.83,288,0,301,0,0,-1242.08
AlphaFold,relaxed_dualspace_ref15,ranked_0_r3,4908,20,20,,0,0.0,299,0,1.3315,0.0081,301,0,111.29,2.4,17,0.95,37,0,0.0083,299,1,298,0,176.87,288,0,301,0,0,-1245.22
AlphaFold,relaxed_dualspace_ref15,ranked_0_r4,4908,20,20,,0,0.0,299,0,1.3315,0.0078,301,0,111.31,2.43,14,0.902,37,0,0.0111,299,1,298,0,176.96,288,0,301,0,0,-1256.54
AlphaFold,relaxed_dualspace_ref15,ranked_0_r5,4908,20,20,,0,0.0,299,0,1.3314,0.0078,301,0,111.18,2.43,13,0.934,37,0,0.0104,299,1,298,0,176.94,288,0,301,0,0,-1258.09
AlphaFold,relaxed_dualspace_ref15,ranked_1_r1,4906,20,20,,0,0.0,299,0,1.331,0.0081,301,0,111.25,2.33,16,0.944,37,0,0.0081,299,1,298,0,177.03,288,0,301,0,0,-1194.7
AlphaFold,relaxed_dualspace_ref15,ranked_1_r2,4906,20,20,,0,0.0,299,0,1.3318,0.0078,301,0,111.43,2.3,14,0.917,37,0,0.0135,299,1,298,0,177.04,288,0,301,0,0,-1212.46
AlphaFold,relaxed_dualspace_ref15,ranked_1_r3,4906,20,20,,0,0.0,299,0,1.3313,0.0081,301,0,111.29,2.23,14,1.0,37,0,0.0127,299,1,298,0,177.11,288,0,301,0,0,-1216.33
AlphaFold,relaxed_dualspace_ref15,ranked_1_r4,4906,20,20,,0,0.0,299,0,1.3316,0.0079,301,0,111.36,2.27,16,0.972,37,0,0.0076,299,1,298,0,177.09,288,0,301,0,0,-1216.19
AlphaFold,relaxed_dualspace_ref15,ranked_1_r5,4906,20,20,,0,0.0,299,0,1.3312,0.008,301,0,111.32,2.34,10,0.948,37,0,0.0084,299,1,298,0,176.96,288,0,301,0,0,-1225.26
AlphaFold,relaxed_dualspace_ref15,ranked_2_r1,4906,20,20,,0,0.0,299,0,1.3313,0.0079,301,0,111.24,2.28,10,1.011,37,0,0.0161,299,1,298,0,177.04,288,0,301,0,0,-1208.4
AlphaFold,relaxed_dualspace_ref15,ranked_2_r2,4906,20,20,,0,0.0,299,0,1.3314,0.0082,301,0,111.24,2.27,10,1.09,37,0,0.0146,299,1,298,0,176.97,288,0,301,0,0,-1227.03
AlphaFold,relaxed_dualspace_ref15,ranked_2_r3,4906,20,20,,0,0.0,299,0,1.3313,0.0079,301,0,111.43,2.31,15,0.966,37,0,0.0098,299,1,298,0,177.05,288,0,301,0,0,-1219.37
AlphaFold,relaxed_dualspace_ref15,ranked_2_r4,4906,20,20,,0,0.0,299,0,1.3313,0.0079,301,0,111.33,2.25,16,0.982,37,0,0.0089,299,1,298,0,176.98,288,0,301,0,0,-1234.37
AlphaFold,relaxed_dualspace_ref15,ranked_2_r5,4906,20,20,,0,0.0,299,0,1.3311,0.008,301,0,111.32,2.32,11,1.067,37,0,0.0145,299,1,298,0,177.03,288,0,301,0,0,-1215.62
AlphaFold,relaxed_dualspace_ref15,ranked_3_r1,4906,20,20,,0,0.0,299,0,1.3313,0.0078,301,0,111.4,2.23,7,0.924,37,0,0.0128,299,1,298,0,176.98,288,0,301,0,0,-1241.71
AlphaFold,relaxed_dualspace_ref15,ranked_3_r2,4906,20,20,,0,0.0,299,0,1.3312,0.0082,301,0,111.32,2.3,12,1.021,37,0,0.0123,299,1,298,0,177.07,288,0,301,0,0,-1241.59
AlphaFold,relaxed_dualspace_ref15,ranked_3_r3,4906,20,20,,0,0.0,299,0,1.3313,0.008,301,0,111.36,2.3,15,1.016,37,0,0.0121,299,1,298,0,177.07,288,0,301,0,0,-1229.95
AlphaFold,relaxed_dualspace_ref15,ranked_3_r4,4906,20,20,,0,0.0,299,0,1.3313,0.0087,301,0,111.34,2.39,9,0.947,37,0,0.0114,299,1,298,0,176.99,288,0,301,0,0,-1240.02
AlphaFold,relaxed_dualspace_ref15,ranked_3_r5,4906,20,20,,0,0.0,299,0,1.3313,0.0086,301,1,111.25,2.38,12,1.002,37,0,0.0108,299,1,298,0,176.98,288,0,301,0,0,-1236.48
AlphaFold,relaxed_dualspace_ref15,ranked_4_r1,4906,20,20,,0,0.0,299,0,1.3315,0.008,301,0,111.37,2.47,10,1.113,37,0,0.0087,299,1,298,0,177.04,288,0,301,0,0,-1230.64
AlphaFold,relaxed_dualspace_ref15,ranked_4_r2,4906,20,20,,0,0.0,299,0,1.3312,0.0083,301,0,111.28,2.3,17,1.032,37,0,0.0097,299,1,298,0,177.07,288,0,301,0,0,-1227.1
AlphaFold,relaxed_dualspace_ref15,ranked_4_r3,4906,20,20,,0,0.0,299,0,1.331,0.0085,301,0,111.31,2.41,13,0.914,37,0,0.0152,299,1,298,0,176.98,288,0,301,0,0,-1219.99
AlphaFold,relaxed_dualspace_ref15,ranked_4_r4,4906,20,20,,0,0.0,299,0,1.3316,0.0079,301,0,111.37,2.36,10,1.016,37,0,0.0085,299,1,298,0,177.05,288,0,301,0,0,-1211.22
AlphaFold,relaxed_dualspace_ref15,ranked_4_r5,4906,20,20,,0,0.0,299,0,1.3311,0.0083,301,0,111.32,2.46,10,1.011,37,0,0.009,299,1,298,0,177.03,288,0,301,0,0,-1232.55
AlphaFold,relaxed_normal_beta,ranked_0_r1,4912,20,20,,0,0.0,299,0,1.3342,0.0048,301,0,111.46,1.7,3,0.826,37,0,0.0103,299,1,298,0,175.46,288,0,301,0,0,-946.91
AlphaFold,relaxed_normal_beta,ranked_0_r2,4912,20,20,,0,0.0,299,0,1.3341,0.0048,301,0,111.45,1.7,6,1.08,37,0,0.0104,299,1,298,0,175.44,288,0,301,0,0,-944.26
AlphaFold,relaxed_normal_beta,ranked_0_r3,4912,20,20,,0,0.0,299,0,1.3341,0.0049,301,0,111.45,1.7,7,0.951,37,0,0.0106,299,1,298,0,175.45,288,0,301,0,0,-953.9
AlphaFold,relaxed_normal_beta,ranked_0_r4,4912,20,20,,0,0.0,299,0,1.3341,0.0049,301,0,111.46,1.7,10,1.044,37,0,0.0105,299,1,298,0,175.38,288,0,301,0,0,-943.61
AlphaFold,relaxed_normal_beta,ranked_0_r5,4912,20,20,,0,0.0,299,0,1.3341,0.0048,301,0,111.45,1.7,13,0.933,37,0,0.0104,299,1,298,0,175.51,288,0,301,0,0,-952.46
AlphaFold,relaxed_normal_beta,ranked_1_r1,4912,20,20,,0,0.0,299,0,1.2991,0.0344,301,0,111.02,0.71,8,0.888,37,0,0.0007,299,1,298,0,175.9,288,0,301,0,0,-898.85
AlphaFold,relaxed_normal_beta,ranked_1_r2,4912,20,20,,0,0.0,299,0,1.2992,0.0343,301,0,111.01,0.71,12,0.923,37,0,0.0006,299,1,298,0,175.86,288,0,301,0,0,-902.56
AlphaFold,relaxed_normal_beta,ranked_1_r3,4912,20,20,,0,0.0,299,0,1.2991,0.0344,301,0,111.02,0.71,12,0.964,37,0,0.0006,299,1,298,0,175.87,288,0,301,0,0,-901.22
AlphaFold,relaxed_normal_beta,ranked_1_r4,4912,20,20,,0,0.0,299,0,1.2991,0.0344,301,0,111.01,0.71,13,0.972,37,0,0.0006,299,1,298,0,175.86,288,0,301,0,0,-895.18
AlphaFold,relaxed_normal_beta,ranked_1_r5,4912,20,20,,0,0.0,299,0,1.2991,0.0344,301,0,111.01,0.71,11,1.019,37,0,0.0005,299,1,298,0,175.78,288,0,301,0,0,-902.34
AlphaFold,relaxed_normal_beta,ranked_2_r1,4912,20,20,,0,0.0,299,2,1.296,0.0406,301,0,111.01,0.71,13,1.087,37,0,0.0006,299,1,298,0,175.74,288,0,301,0,0,-886.92
AlphaFold,relaxed_normal_beta,ranked_2_r2,4912,20,20,,0,0.0,299,2,1.296,0.0407,301,0,111.01,0.71,10,0.82,37,0,0.0005,299,1,298,0,175.56,288,0,301,0,0,-884.05
AlphaFold,relaxed_normal_beta,ranked_2_r3,4912,20,20,,0,0.0,299,2,1.296,0.0407,301,0,111.01,0.71,9,0.939,37,0,0.0006,299,1,298,0,175.77,288,0,301,0,0,-887.43
AlphaFold,relaxed_normal_beta,ranked_2_r4,4912,20,20,,0,0.0,299,2,1.296,0.0407,301,0,111.01,0.71,11,0.991,37,0,0.0006,299,1,298,0,175.64,288,0,301,0,0,-902.72
AlphaFold,relaxed_normal_beta,ranked_2_r5,4912,20,20,,0,0.0,299,2,1.296,0.0406,301,0,111.02,0.71,13,1.06,37,0,0.0006,299,1,298,0,175.72,288,0,301,0,0,-894.29
AlphaFold,relaxed_normal_beta,ranked_3_r1,4912,20,20,,0,0.0,299,0,1.2908,0.0393,301,0,111.02,0.71,16,0.976,37,0,0.0006,299,1,298,0,175.8,288,0,301,0,0,-893.45
AlphaFold,relaxed_normal_beta,ranked_3_r2,4912,20,20,,0,0.0,299,0,1.2908,0.0393,301,0,111.02,0.71,23,1.129,37,0,0.0006,299,1,298,0,175.67,288,0,301,0,0,-890.52
AlphaFold,relaxed_normal_beta,ranked_3_r3,4912,20,20,,0,0.0,299,0,1.2908,0.0393,301,0,111.02,0.71,8,0.85,37,0,0.0006,299,1,298,0,175.6,288,0,301,0,0,-903.64
AlphaFold,relaxed_normal_beta,ranked_3_r4,4912,20,20,,0,0.0,299,0,1.2908,0.0393,301,0,111.01,0.71,9,0.928,37,0,0.0005,299,1,298,0,175.81,288,0,301,0,0,-888.91
AlphaFold,relaxed_normal_beta,ranked_3_r5,4912,20,20,,0,0.0,299,0,1.2908,0.0393,301,0,111.02,0.71,8,0.94,37,0,0.0005,299,1,298,0,175.71,288,0,301,0,0,-879.64
AlphaFold,relaxed_normal_beta,ranked_4_r1,4912,20,20,,0,0.0,299,1,1.2878,0.0437,301,0,111.01,0.71,16,1.064,37,0,0.0005,299,1,298,0,175.78,288,0,301,0,0,-880.96
AlphaFold,relaxed_normal_beta,ranked_4_r2,4912,20,20,,0,0.0,299,1,1.2878,0.0436,301,0,111.01,0.71,12,0.926,37,0,0.0005,299,1,298,0,175.77,288,0,301,0,0,-879.37
AlphaFold,relaxed_normal_beta,ranked_4_r3,4912,20,20,,0,0.0,299,1,1.2878,0.0437,301,0,111.02,0.71,5,0.71,37,0,0.0006,299,1,298,0,175.66,288,0,301,0,0,-875.44
AlphaFold,relaxed_normal_beta,ranked_4_r4,4912,20,20,,0,0.0,299,1,1.2878,0.0437,301,0,111.02,0.71,11,0.98,37,0,0.0005,299,1,298,0,175.65,288,0,301,0,0,-866.74
AlphaFold,relaxed_normal_beta,ranked_4_r5,4912,20,20,,0,0.0,299,1,1.2878,0.0437,301,0,111.02,0.71,11,1.049,37,0,0.0006,299,1,298,0,175.68,288,0,301,0,0,-867.74
AlphaFold,relaxed_normal_ref15,ranked_0_r1,4912,20,20,,0,0.0,299,0,1.3341,0.0048,301,0,111.46,1.7,16,0.936,37,0,0.0106,299,1,298,0,175.2,288,0,301,0,0,-997.87
AlphaFold,relaxed_normal_ref15,ranked_0_r2,4912,20,20,,0,0.0,299,0,1.3341,0.0049,301,0,111.46,1.7,12,1.095,37,0,0.0106,299,1,298,0,175.23,288,0,301,0,0,-999.32
AlphaFold,relaxed_normal_ref15,ranked_0_r3,4912,20,20,,0,0.0,299,0,1.3341,0.0048,301,0,111.46,1.7,6,0.98,37,0,0.0105,299,1,298,0,175.24,288,0,301,0,0,-1003.08
AlphaFold,relaxed_normal_ref15,ranked_0_r4,4912,20,20,,0,0.0,299,0,1.3341,0.0049,301,0,111.46,1.7,8,0.891,37,0,0.0092,299,1,298,0,175.35,288,0,301,0,0,-1002.1
AlphaFold,relaxed_normal_ref15,ranked_0_r5,4912,20,20,,0,0.0,299,0,1.3341,0.0049,301,0,111.46,1.7,11,0.977,37,0,0.0105,299,1,298,0,175.17,288,0,301,0,0,-1001.82
AlphaFold,relaxed_normal_ref15,ranked_1_r1,4912,20,20,,0,0.0,299,0,1.2992,0.0344,301,0,111.02,0.71,14,1.021,37,0,0.0006,299,1,298,0,175.42,288,0,301,0,0,-948.77
AlphaFold,relaxed_normal_ref15,ranked_1_r2,4912,20,20,,0,0.0,299,0,1.2991,0.0344,301,0,111.02,0.71,7,0.962,37,0,0.0007,299,1,298,0,175.55,288,0,301,0,0,-951.59
AlphaFold,relaxed_normal_ref15,ranked_1_r3,4912,20,20,,0,0.0,299,0,1.2991,0.0344,301,0,111.01,0.71,10,1.012,37,0,0.0006,299,1,298,0,175.66,288,0,301,0,0,-953.54
AlphaFold,relaxed_normal_ref15,ranked_1_r4,4912,20,20,,0,0.0,299,0,1.2991,0.0344,301,0,111.01,0.71,14,0.924,37,0,0.0007,299,1,298,0,175.69,288,0,301,0,0,-948.76
AlphaFold,relaxed_normal_ref15,ranked_1_r5,4912,20,20,,0,0.0,299,0,1.2991,0.0344,301,0,111.01,0.71,17,0.987,37,0,0.0006,299,1,298,0,175.4,288,0,301,0,0,-944.84
AlphaFold,relaxed_normal_ref15,ranked_2_r1,4912,20,20,,0,0.0,299,2,1.296,0.0407,301,0,111.02,0.71,11,1.09,37,0,0.0005,299,1,298,0,175.5,288,0,301,0,0,-943.62
AlphaFold,relaxed_normal_ref15,ranked_2_r2,4912,20,20,,0,0.0,299,2,1.296,0.0406,301,0,111.02,0.71,19,1.045,37,0,0.0005,299,1,298,0,175.51,288,0,301,0,0,-955.15
AlphaFold,relaxed_normal_ref15,ranked_2_r3,4912,20,20,,0,0.0,299,2,1.296,0.0406,301,0,111.01,0.71,8,1.058,37,0,0.0007,299,1,298,0,175.32,288,0,301,0,0,-955.22
AlphaFold,relaxed_normal_ref15,ranked_2_r4,4912,20,20,,0,0.0,299,2,1.296,0.0407,301,0,111.02,0.71,12,0.999,37,0,0.0005,299,1,298,0,175.44,288,0,301,0,0,-957.97
AlphaFold,relaxed_normal_ref15,ranked_2_r5,4912,20,20,,0,0.0,299,2,1.296,0.0407,301,0,111.01,0.71,6,0.891,37,0,0.0004,299,1,298,0,175.54,288,0,301,0,0,-949.96
AlphaFold,relaxed_normal_ref15,ranked_3_r1,4912,20,20,,0,0.0,299,0,1.2908,0.0393,301,0,111.02,0.71,9,0.939,37,0,0.0006,299,1,298,0,175.6,288,0,301,0,0,-961.52
AlphaFold,relaxed_normal_ref15,ranked_3_r2,4912,20,20,,0,0.0,299,0,1.2908,0.0393,301,0,111.02,0.71,7,0.782,37,0,0.0005,299,1,298,0,175.63,288,0,301,0,0,-960.47
AlphaFold,relaxed_normal_ref15,ranked_3_r3,4912,20,20,,0,0.0,299,0,1.2907,0.0394,301,0,111.02,0.71,13,0.932,37,0,0.0005,299,1,298,0,175.68,288,0,301,0,0,-949.57
AlphaFold,relaxed_normal_ref15,ranked_3_r4,4912,20,20,,0,0.0,299,0,1.2908,0.0393,301,0,111.02,0.71,10,1.002,37,0,0.0006,299,1,298,0,175.68,288,0,301,0,0,-951.04
AlphaFold,relaxed_normal_ref15,ranked_3_r5,4912,20,20,,0,0.0,299,0,1.2908,0.0393,301,0,111.02,0.71,21,0.973,37,0,0.0005,299,1,298,0,175.46,288,0,301,0,0,-949.85
AlphaFold,relaxed_normal_ref15,ranked_4_r1,4912,20,20,,0,0.0,299,1,1.2878,0.0437,301,0,111.01,0.71,14,0.928,37,0,0.0006,299,1,298,0,175.38,288,0,301,0,0,-923.79
AlphaFold,relaxed_normal_ref15,ranked_4_r2,4912,20,20,,0,0.0,299,1,1.2878,0.0437,301,0,111.02,0.71,10,1.007,37,0,0.0007,299,1,298,0,175.52,288,0,301,0,0,-932.22
AlphaFold,relaxed_normal_ref15,ranked_4_r3,4912,20,20,,0,0.0,299,1,1.2878,0.0437,301,0,111.02,0.71,8,0.938,37,0,0.0006,299,1,298,0,175.19,288,0,301,0,0,-936.43
AlphaFold,relaxed_normal_ref15,ranked_4_r4,4912,20,20,,0,0.0,299,1,1.2878,0.0437,301,0,111.01,0.71,17,1.053,37,0,0.0006,299,1,298,0,175.42,288,0,301,0,0,-926.0
AlphaFold,relaxed_normal_ref15,ranked_4_r5,4912,20,20,,0,0.0,299,1,1.2878,0.0437,301,0,111.02,0.71,8,0.887,37,0,0.0007,299,1,298,0,175.26,288,0,301,0,0,-925.26
Boltz,raw,model0,9816,20,20,,0,0.0,1196,0,1.3137,0.0179,1204,0,110.98,1.66,2,0.82,148,0,0.0052,1196,4,1192,0,176.58,1152,0,1204,0,0,7914.27
Boltz,raw,model1,9816,20,20,,0,0.0,1196,0,1.3252,0.0204,1204,0,110.92,1.71,286,3.15,148,0,0.0073,1196,4,1192,0,176.49,1152,0,1204,0,0,3475650.21
Boltz,raw,model2,9816,20,20,,0,0.0,1196,0,1.3231,0.021,1204,0,110.92,1.71,285,3.177,148,0,0.0049,1196,4,1192,0,176.51,1152,0,1204,0,0,3220924.12
Boltz,raw,model3,9816,20,20,,0,0.0,1196,0,1.3249,0.0204,1204,0,110.92,1.73,289,3.195,148,0,0.0054,1196,4,1192,0,176.34,1152,0,1204,0,0,3342156.88
Boltz,raw,model4,9816,20,20,,0,0.0,1196,0,1.3247,0.0213,1204,0,110.92,1.7,280,3.227,148,0,0.0054,1196,4,1192,0,176.45,1152,0,1204,0,0,3387941.91
Boltz,relaxed_cartesian_beta,boltz_input_model_0_r1,19648,20,20,,0,0.0,1196,0,1.3318,0.009,1204,0,111.16,2.65,2,0.934,148,0,0.011,1196,4,1192,0,177.05,1152,0,1204,0,0,-4973.89
Boltz,relaxed_cartesian_beta,boltz_input_model_0_r2,19648,20,20,,0,0.0,1196,0,1.3317,0.0092,1204,0,111.15,2.62,1,0.78,148,0,0.0114,1196,4,1192,0,177.04,1152,0,1204,0,0,-4965.3
Boltz,relaxed_cartesian_beta,boltz_input_model_0_r3,19648,20,20,,0,0.0,1196,0,1.3319,0.0091,1204,1,111.23,2.69,2,0.681,148,0,0.0098,1196,4,1192,0,177.01,1152,0,1204,0,0,-4990.3
Boltz,relaxed_cartesian_beta,boltz_input_model_0_r4,19648,20,20,,0,0.0,1196,0,1.3319,0.0089,1204,0,111.17,2.66,1,0.814,148,0,0.0099,1196,4,1192,0,177.02,1152,0,1204,0,0,-4986.19
Boltz,relaxed_cartesian_beta,boltz_input_model_0_r5,19648,20,20,,0,0.0,1196,0,1.3319,0.0092,1204,1,111.18,2.63,4,0.923,148,0,0.0143,1196,4,1192,0,177.03,1152,0,1204,0,0,-4960.53
Boltz,relaxed_cartesian_beta,boltz_input_model_1_r1,19644,20,20,,0,0.0,1196,0,1.3369,0.017,1204,163,113.82,5.33,2,0.721,148,0,0.019,1196,6,1188,2,174.51,1152,0,1204,0,0,-1353.07
Boltz,relaxed_cartesian_beta,boltz_input_model_1_r2,19644,20,20,,0,0.0,1196,0,1.338,0.0177,1204,177,114.07,5.35,3,0.894,148,0,0.0178,1196,7,1188,1,174.42,1152,0,1204,0,0,-1369.16
Boltz,relaxed_cartesian_beta,boltz_input_model_1_r3,19644,20,20,,0,0.0,1196,0,1.3388,0.0198,1204,163,114.04,5.48,2,0.64,148,0,0.0291,1196,4,1191,1,174.84,1152,0,1204,0,0,-1171.71
Boltz,relaxed_cartesian_beta,boltz_input_model_1_r4,19644,20,20,,0,0.0,1196,0,1.3377,0.018,1204,162,113.87,5.38,1,0.985,148,0,0.029,1196,3,1189,4,174.74,1152,0,1204,0,0,-1134.79
Boltz,relaxed_cartesian_beta,boltz_input_model_1_r5,19644,20,20,,0,0.0,1196,0,1.3373,0.0173,1204,138,113.97,5.07,2,0.878,148,0,0.0141,1196,4,1190,2,174.93,1152,0,1204,0,0,-1587.38
Boltz,relaxed_cartesian_beta,boltz_input_model_2_r1,19644,20,20,,0,0.0,1196,0,1.3371,0.0166,1204,156,113.75,5.25,5,0.834,148,0,0.0154,1196,5,1189,2,174.85,1152,0,1204,0,0,-1648.96
Boltz,relaxed_cartesian_beta,boltz_input_model_2_r2,19644,20,20,,0,0.0,1196,0,1.336,0.0168,1204,153,113.79,5.36,4,1.758,148,0,0.0162,1196,2,1192,2,175.25,1152,0,1204,0,0,-1633.69
Boltz,relaxed_cartesian_beta,boltz_input_model_2_r3,19644,20,20,,0,0.0,1196,0,1.3365,0.0158,1204,132,113.56,5.13,4,0.745,148,0,0.0264,1196,5,1186,5,174.62,1152,0,1204,0,0,-1509.74
Boltz,relaxed_cartesian_beta,boltz_input_model_2_r4,19644,20,20,,0,0.0,1196,0,1.3369,0.0167,1204,137,113.48,5.16,2,0.914,148,0,0.0203,1196,5,1189,2,174.93,1152,0,1204,0,0,-1611.15
Boltz,relaxed_cartesian_beta,boltz_input_model_2_r5,19644,20,20,,0,0.0,1196,0,1.3374,0.0175,1204,144,113.77,5.13,3,0.737,148,0,0.016,1196,3,1189,4,174.98,1152,0,1204,0,0,-1561.0
Boltz,relaxed_cartesian_beta,boltz_input_model_3_r1,19644,20,20,,0,0.0,1196,0,1.3367,0.0165,1204,124,113.63,5.01,3,0.838,148,0,0.0164,1196,5,1191,0,174.98,1152,0,1204,0,0,-1827.87
Boltz,relaxed_cartesian_beta,boltz_input_model_3_r2,19644,20,20,,0,0.0,1196,0,1.3361,0.0155,1204,146,113.89,5.07,0,0.0,148,0,0.0204,1196,4,1192,0,175.09,1152,0,1204,0,0,-1852.22
Boltz,relaxed_cartesian_beta,boltz_input_model_3_r3,19644,20,20,,0,0.0,1196,0,1.3367,0.0168,1204,156,113.84,5.33,4,0.743,148,0,0.0114,1196,4,1191,1,175.08,1152,0,1204,0,0,-1760.28
Boltz,relaxed_cartesian_beta,boltz_input_model_3_r4,19644,20,20,,0,0.0,1196,0,1.3363,0.016,1204,137,113.75,5.14,3,0.816,148,0,0.0278,1196,3,1189,4,174.78,1152,0,1204,0,0,-1539.62
Boltz,relaxed_cartesian_beta,boltz_input_model_3_r5,19644,20,20,,0,0.0,1196,0,1.335,0.0155,1204,147,113.79,5.21,0,0.0,148,0,0.0155,1196,7,1188,1,174.53,1152,0,1204,0,0,-1849.84
Boltz,relaxed_cartesian_beta,boltz_input_model_4_r1,19644,20,20,,0,0.0,1196,0,1.3352,0.0145,1204,109,113.36,4.68,1,0.574,148,0,0.02,1196,6,1186,4,174.62,1152,0,1204,0,0,-1927.12
Boltz,relaxed_cartesian_beta,boltz_input_model_4_r2,19644,20,20,,0,0.0,1196,0,1.3352,0.014,1204,102,113.21,4.67,2,0.832,148,0,0.0148,1196,2,1194,0,175.61,1152,0,1204,0,0,-1915.4
Boltz,relaxed_cartesian_beta,boltz_input_model_4_r3,19644,20,20,,0,0.0,1196,0,1.3351,0.0143,1204,109,113.37,4.77,3,0.946,148,0,0.0149,1196,3,1191,2,175.23,1152,0,1204,0,0,-2052.43
Boltz,relaxed_cartesian_beta,boltz_input_model_4_r4,19644,20,20,,0,0.0,1196,0,1.3344,0.0139,1204,107,113.26,4.82,3,0.826,148,0,0.0159,1196,5,1190,1,175.21,1152,0,1204,0,0,-2042.19
Boltz,relaxed_cartesian_beta,boltz_input_model_4_r5,19644,20,20,,0,0.0,1196,0,1.3354,0.0142,1204,106,113.23,4.82,5,0.914,148,0,0.019,1196,4,1190,2,175.16,1152,0,1204,0,0,-2158.77
Boltz,relaxed_cartesian_ref15,boltz_input_model_0_r1,19648,20,20,,0,0.0,1196,0,1.3309,0.0085,1204,1,111.18,2.52,2,0.937,148,0,0.0101,1196,4,1192,0,176.86,1152,0,1204,0,0,-5225.57
Boltz,relaxed_cartesian_ref15,boltz_input_model_0_r2,19648,20,20,,0,0.0,1196,0,1.3309,0.0085,1204,0,111.21,2.51,5,0.898,148,0,0.0119,1196,4,1192,0,176.89,1152,0,1204,0,0,-5231.48
Boltz,relaxed_cartesian_ref15,boltz_input_model_0_r3,19648,20,20,,0,0.0,1196,0,1.3309,0.0085,1204,1,111.19,2.51,4,0.897,148,0,0.011,1196,4,1192,0,176.85,1152,0,1204,0,0,-5228.9
Boltz,relaxed_cartesian_ref15,boltz_input_model_0_r4,19648,20,20,,0,0.0,1196,0,1.3308,0.0087,1204,1,111.21,2.52,3,0.896,148,0,0.0092,1196,4,1192,0,176.89,1152,0,1204,0,0,-5257.68
Boltz,relaxed_cartesian_ref15,boltz_input_model_0_r5,19648,20,20,,0,0.0,1196,0,1.3308,0.0085,1204,1,111.2,2.5,5,1.019,148,0,0.0166,1196,4,1192,0,176.94,1152,0,1204,0,0,-5226.31
Boltz,relaxed_cartesian_ref15,boltz_input_model_1_r1,19644,20,20,,0,0.0,1196,0,1.3388,0.0183,1204,213,114.8,5.28,5,1.046,148,0,0.0184,1196,9,1181,6,173.55,1152,0,1204,0,0,-1721.0
Boltz,relaxed_cartesian_ref15,boltz_input_model_1_r2,19644,20,20,,0,0.0,1196,0,1.3389,0.018,1204,212,114.74,5.46,5,1.026,148,0,0.0154,1196,5,1191,0,174.3,1152,0,1204,0,0,-2086.55
Boltz,relaxed_cartesian_ref15,boltz_input_model_1_r3,19644,20,20,,0,0.0,1196,0,1.3376,0.0177,1204,213,114.4,5.58,6,1.059,148,0,0.0156,1196,4,1189,3,174.35,1152,0,1204,0,0,-1884.21
Boltz,relaxed_cartesian_ref15,boltz_input_model_1_r4,19644,20,20,,0,0.0,1196,0,1.3369,0.0167,1204,161,114.01,5.32,2,0.617,148,0,0.0193,1196,5,1190,1,174.1,1152,0,1204,0,0,-1989.36
Boltz,relaxed_cartesian_ref15,boltz_input_model_1_r5,19644,20,20,,0,0.0,1196,0,1.3382,0.0177,1204,208,114.54,5.33,5,0.854,148,0,0.0201,1196,6,1189,1,174.23,1152,0,1204,0,0,-2149.21
Boltz,relaxed_cartesian_ref15,boltz_input_model_2_r1,19644,20,20,,0,0.0,1196,0,1.3376,0.0168,1204,172,114.11,5.11,2,0.544,148,0,0.0237,1196,7,1185,4,174.3,1152,0,1204,0,0,-2262.6
Boltz,relaxed_cartesian_ref15,boltz_input_model_2_r2,19644,20,20,,0,0.0,1196,0,1.3375,0.0164,1204,194,114.3,5.44,2,0.62,148,0,0.0151,1196,6,1188,2,174.27,1152,0,1204,0,0,-2325.59
Boltz,relaxed_cartesian_ref15,boltz_input_model_2_r3,19644,20,20,,0,0.0,1196,0,1.3373,0.0159,1204,163,114.14,5.26,2,0.693,148,0,0.0199,1196,3,1189,4,174.52,1152,0,1204,0,0,-2152.77
Boltz,relaxed_cartesian_ref15,boltz_input_model_2_r4,19644,20,20,,0,0.0,1196,0,1.3374,0.0176,1204,165,114.12,5.32,1,0.675,148,0,0.0241,1196,4,1188,4,174.72,1152,0,1204,0,0,-2103.86
Boltz,relaxed_cartesian_ref15,boltz_input_model_2_r5,19644,20,20,,0,0.0,1196,0,1.3363,0.016,1204,146,113.82,5.06,2,1.018,148,0,0.0192,1196,4,1192,0,174.86,1152,0,1204,0,0,-2341.7
Boltz,relaxed_cartesian_ref15,boltz_input_model_3_r1,19644,20,20,,0,0.0,1196,0,1.3367,0.0156,1204,162,114.01,5.07,1,0.688,148,0,0.0172,1196,5,1188,3,174.41,1152,0,1204,0,0,-2190.68
Boltz,relaxed_cartesian_ref15,boltz_input_model_3_r2,19644,20,20,,0,0.0,1196,0,1.3361,0.0154,1204,146,114.02,4.97,1,0.551,148,0,0.0169,1196,6,1187,3,174.17,1152,0,1204,0,0,-2532.03
Boltz,relaxed_cartesian_ref15,boltz_input_model_3_r3,19644,20,20,,0,0.0,1196,0,1.3354,0.0147,1204,148,114.09,4.98,5,0.894,148,0,0.0217,1196,4,1189,3,174.5,1152,0,1204,0,0,-2330.04
Boltz,relaxed_cartesian_ref15,boltz_input_model_3_r4,19644,20,20,,0,0.0,1196,0,1.3369,0.017,1204,154,114.04,5.16,3,0.785,148,0,0.0161,1196,5,1190,1,174.45,1152,0,1204,0,0,-2332.0
Boltz,relaxed_cartesian_ref15,boltz_input_model_3_r5,19644,20,20,,0,0.0,1196,0,1.3352,0.0144,1204,141,113.73,4.95,3,0.956,148,0,0.0227,1196,4,1186,6,174.41,1152,0,1204,0,0,-2560.14
Boltz,relaxed_cartesian_ref15,boltz_input_model_4_r1,19644,20,20,,0,0.0,1196,0,1.3352,0.0133,1204,130,113.64,4.78,3,0.705,148,0,0.0203,1196,5,1191,0,174.64,1152,0,1204,0,0,-2590.52
Boltz,relaxed_cartesian_ref15,boltz_input_model_4_r2,19644,20,20,,0,0.0,1196,0,1.3349,0.0132,1204,129,113.58,4.82,2,0.587,148,0,0.0405,1196,5,1188,3,174.65,1152,0,1204,0,0,-2667.9
Boltz,relaxed_cartesian_ref15,boltz_input_model_4_r3,19644,20,20,,0,0.0,1196,0,1.3348,0.014,1204,120,113.77,4.87,5,1.001,148,0,0.0139,1196,2,1193,1,175.11,1152,0,1204,0,0,-2750.6
Boltz,relaxed_cartesian_ref15,boltz_input_model_4_r4,19644,20,20,,0,0.0,1196,0,1.3345,0.0135,1204,109,113.56,4.64,2,0.613,148,0,0.0132,1196,4,1191,1,174.87,1152,0,1204,0,0,-2707.82
Boltz,relaxed_cartesian_ref15,boltz_input_model_4_r5,19644,20,20,,0,0.0,1196,0,1.3353,0.0148,1204,119,113.8,4.8,2,0.661,148,0,0.0147,1196,6,1189,1,174.68,1152,0,1204,0,0,-2627.3
Boltz,relaxed_dualspace_beta,boltz_input_model_0_r1,19624,20,20,,0,0.0,1196,0,1.332,0.0088,1204,0,111.21,2.46,2,0.773,148,0,0.0088,1196,4,1192,0,177.18,1152,0,1204,0,0,-4877.09
Boltz,relaxed_dualspace_beta,boltz_input_model_0_r2,19624,20,20,,0,0.0,1196,0,1.332,0.0089,1204,0,111.13,2.49,0,0.0,148,0,0.009,1196,4,1192,0,177.15,1152,0,1204,0,0,-4841.8
Boltz,relaxed_dualspace_beta,boltz_input_model_0_r3,19624,20,20,,0,0.0,1196,0,1.3319,0.0087,1204,0,111.16,2.49,3,0.992,148,0,0.0102,1196,4,1192,0,177.16,1152,0,1204,0,0,-4850.4
Boltz,relaxed_dualspace_beta,boltz_input_model_0_r4,19624,20,20,,0,0.0,1196,0,1.332,0.0087,1204,0,111.19,2.46,6,0.876,148,0,0.0093,1196,4,1192,0,177.13,1152,0,1204,0,0,-4828.86
Boltz,relaxed_dualspace_beta,boltz_input_model_0_r5,19624,20,20,,0,0.0,1196,0,1.3319,0.009,1204,0,111.17,2.49,4,0.853,148,0,0.0132,1196,4,1192,0,177.17,1152,0,1204,0,0,-4837.05
Boltz,relaxed_dualspace_beta,boltz_input_model_1_r1,19620,20,20,,0,0.0,1196,0,1.3315,0.0087,1204,1,111.11,2.54,2,0.9,148,0,0.0154,1196,4,1192,0,177.08,1152,0,1204,0,0,-2960.16
Boltz,relaxed_dualspace_beta,boltz_input_model_1_r2,19620,20,20,,0,0.0,1196,0,1.3318,0.0083,1204,2,111.09,2.45,1,0.851,148,0,0.0142,1196,4,1192,0,177.08,1152,0,1204,0,0,-3064.49
Boltz,relaxed_dualspace_beta,boltz_input_model_1_r3,19620,20,20,,0,0.0,1196,0,1.3319,0.0085,1204,1,111.15,2.61,4,0.847,148,0,0.0118,1196,4,1190,2,176.76,1152,0,1204,0,0,-2745.17
Boltz,relaxed_dualspace_beta,boltz_input_model_1_r4,19620,20,20,,0,0.0,1196,0,1.3335,0.0133,1204,27,111.52,3.25,1,0.787,148,0,0.0096,1196,8,1186,2,175.99,1152,0,1204,0,0,-1369.39
Boltz,relaxed_dualspace_beta,boltz_input_model_1_r5,19620,20,20,,0,0.0,1196,1,1.3327,0.0102,1204,11,111.19,2.7,0,0.0,148,0,0.0078,1196,7,1189,0,176.57,1152,0,1204,0,0,-2033.58
Boltz,relaxed_dualspace_beta,boltz_input_model_2_r1,19620,20,20,,0,0.0,1196,0,1.3318,0.0085,1204,3,111.14,2.61,2,0.628,148,0,0.0094,1196,4,1192,0,177.09,1152,0,1204,0,0,-3424.29
Boltz,relaxed_dualspace_beta,boltz_input_model_2_r2,19620,20,20,,0,0.0,1196,0,1.332,0.0084,1204,1,111.07,2.36,4,0.801,148,0,0.0124,1196,5,1191,0,176.94,1152,0,1204,0,0,-3196.92
Boltz,relaxed_dualspace_beta,boltz_input_model_2_r3,19620,20,20,,0,0.0,1196,0,1.3318,0.0083,1204,4,111.19,2.55,2,0.886,148,0,0.0076,1196,4,1192,0,177.1,1152,0,1204,0,0,-2697.33
Boltz,relaxed_dualspace_beta,boltz_input_model_2_r4,19620,20,20,,0,0.0,1196,0,1.332,0.0082,1204,1,111.06,2.46,1,0.72,148,0,0.0097,1196,4,1192,0,177.12,1152,0,1204,0,0,-2925.34
Boltz,relaxed_dualspace_beta,boltz_input_model_2_r5,19620,20,20,,0,0.0,1196,0,1.3322,0.0084,1204,1,111.12,2.5,4,0.776,148,0,0.0085,1196,4,1192,0,177.11,1152,0,1204,0,0,-3200.79
Boltz,relaxed_dualspace_beta,boltz_input_model_3_r1,19620,20,20,,0,0.0,1196,0,1.3317,0.0085,1204,0,111.15,2.44,2,0.68,148,0,0.0183,1196,4,1192,0,177.11,1152,0,1204,0,0,-3353.72
Boltz,relaxed_dualspace_beta,boltz_input_model_3_r2,19620,20,20,,0,0.0,1196,0,1.3321,0.0085,1204,3,111.17,2.63,3,0.923,148,0,0.0123,1196,4,1192,0,177.01,1152,0,1204,0,0,-3155.64
Boltz,relaxed_dualspace_beta,boltz_input_model_3_r3,19620,20,20,,0,0.0,1196,0,1.3321,0.0086,1204,7,111.11,2.62,1,0.821,148,0,0.0112,1196,5,1190,1,176.95,1152,0,1204,0,0,-2515.68
Boltz,relaxed_dualspace_beta,boltz_input_model_3_r4,19620,20,20,,0,0.0,1196,1,1.332,0.011,1204,3,111.15,2.63,2,0.902,148,0,0.0141,1196,6,1190,0,176.81,1152,0,1204,0,0,-2999.25
Boltz,relaxed_dualspace_beta,boltz_input_model_3_r5,19620,20,20,,0,0.0,1196,0,1.3317,0.0086,1204,1,111.04,2.47,3,0.913,148,0,0.016,1196,6,1190,0,176.79,1152,0,1204,0,0,-3059.46
Boltz,relaxed_dualspace_beta,boltz_input_model_4_r1,19620,20,20,,0,0.0,1196,0,1.3318,0.0084,1204,1,111.16,2.43,1,0.76,148,0,0.0082,1196,4,1191,1,177.11,1152,0,1204,0,0,-2519.43
Boltz,relaxed_dualspace_beta,boltz_input_model_4_r2,19620,20,20,,0,0.0,1196,0,1.3318,0.0084,1204,1,111.18,2.51,2,0.886,148,0,0.0107,1196,4,1192,0,177.08,1152,0,1204,0,0,-2892.48
Boltz,relaxed_dualspace_beta,boltz_input_model_4_r3,19620,20,20,,0,0.0,1196,0,1.3316,0.0088,1204,2,111.17,2.49,1,0.626,148,0,0.0099,1196,4,1191,1,177.0,1152,0,1204,0,0,-2853.95
Boltz,relaxed_dualspace_beta,boltz_input_model_4_r4,19620,20,20,,0,0.0,1196,0,1.3318,0.0084,1204,1,111.13,2.42,4,1.001,148,0,0.0128,1196,4,1192,0,177.13,1152,0,1204,0,0,-2897.91
Boltz,relaxed_dualspace_beta,boltz_input_model_4_r5,19620,20,20,,0,0.0,1196,0,1.332,0.0088,1204,2,111.07,2.46,2,0.855,148,0,0.0101,1196,4,1192,0,177.11,1152,0,1204,0,0,-2943.33
Boltz,relaxed_dualspace_ref15,boltz_input_model_0_r1,19624,20,20,,0,0.0,1196,0,1.3309,0.0084,1204,0,111.17,2.35,3,0.87,148,0,0.0137,1196,4,1192,0,177.07,1152,0,1204,0,0,-5107.95
Boltz,relaxed_dualspace_ref15,boltz_input_model_0_r2,19624,20,20,,0,0.0,1196,0,1.3312,0.0085,1204,0,111.21,2.35,6,0.883,148,0,0.0118,1196,4,1192,0,177.05,1152,0,1204,0,0,-5145.89
Boltz,relaxed_dualspace_ref15,boltz_input_model_0_r3,19624,20,20,,0,0.0,1196,0,1.3307,0.0084,1204,0,111.15,2.4,5,0.989,148,0,0.011,1196,4,1192,0,177.04,1152,0,1204,0,0,-5113.27
Boltz,relaxed_dualspace_ref15,boltz_input_model_0_r4,19624,20,20,,0,0.0,1196,0,1.331,0.0081,1204,0,111.17,2.38,5,0.989,148,0,0.0099,1196,4,1192,0,177.02,1152,0,1204,0,0,-5051.93
Boltz,relaxed_dualspace_ref15,boltz_input_model_0_r5,19624,20,20,,0,0.0,1196,0,1.331,0.0083,1204,0,111.2,2.37,2,0.939,148,0,0.0091,1196,4,1192,0,177.03,1152,0,1204,0,0,-5072.36
Boltz,relaxed_dualspace_ref15,boltz_input_model_1_r1,19620,20,20,,0,0.0,1196,0,1.3312,0.0077,1204,1,111.16,2.31,3,1.002,148,0,0.0115,1196,4,1192,0,177.15,1152,0,1204,0,0,-3448.26
Boltz,relaxed_dualspace_ref15,boltz_input_model_1_r2,19620,20,20,,0,0.0,1196,0,1.3327,0.0097,1204,25,111.43,3.13,4,0.99,148,0,0.0131,1196,6,1190,0,176.42,1152,0,1204,0,0,-2165.27
Boltz,relaxed_dualspace_ref15,boltz_input_model_1_r3,19620,20,20,,0,0.0,1196,0,1.3317,0.0083,1204,9,111.41,2.5,2,0.91,148,0,0.0145,1196,5,1190,1,176.84,1152,0,1204,0,0,-2673.6
Boltz,relaxed_dualspace_ref15,boltz_input_model_1_r4,19620,20,20,,0,0.0,1196,0,1.3317,0.0081,1204,12,111.47,2.82,4,0.897,148,0,0.0149,1196,5,1190,1,176.59,1152,0,1204,0,0,-2286.36
Boltz,relaxed_dualspace_ref15,boltz_input_model_1_r5,19620,20,20,,0,0.0,1196,0,1.3322,0.0087,1204,19,111.56,2.89,2,0.996,148,0,0.0126,1196,7,1188,1,176.26,1152,0,1204,0,0,-2243.39
Boltz,relaxed_dualspace_ref15,boltz_input_model_2_r1,19620,20,20,,0,0.0,1196,0,1.3323,0.008,1204,13,111.28,2.61,3,0.994,148,0,0.0114,1196,6,1186,4,176.21,1152,0,1204,0,0,-1957.33
Boltz,relaxed_dualspace_ref15,boltz_input_model_2_r2,19620,20,20,,0,0.0,1196,0,1.3314,0.0081,1204,1,111.19,2.37,4,0.768,148,0,0.012,1196,4,1192,0,177.01,1152,0,1204,0,0,-2815.03
Boltz,relaxed_dualspace_ref15,boltz_input_model_2_r3,19620,20,20,,0,0.0,1196,0,1.3315,0.007,1204,1,111.29,2.18,3,0.847,148,0,0.0091,1196,4,1192,0,177.17,1152,0,1204,0,0,-2600.3
Boltz,relaxed_dualspace_ref15,boltz_input_model_2_r4,19620,20,20,,0,0.0,1196,0,1.3313,0.0077,1204,3,111.23,2.41,2,0.812,148,0,0.008,1196,4,1192,0,177.03,1152,0,1204,0,0,-3400.57
Boltz,relaxed_dualspace_ref15,boltz_input_model_2_r5,19620,20,20,,0,0.0,1196,0,1.3314,0.0076,1204,0,111.22,2.15,2,1.101,148,0,0.0111,1196,4,1192,0,177.23,1152,0,1204,0,0,-3124.2
Boltz,relaxed_dualspace_ref15,boltz_input_model_3_r1,19620,20,20,,0,0.0,1196,0,1.3315,0.0077,1204,2,111.21,2.43,4,0.922,148,0,0.0102,1196,5,1190,1,176.73,1152,0,1204,0,0,-3094.53
Boltz,relaxed_dualspace_ref15,boltz_input_model_3_r2,19620,20,20,,0,0.0,1196,0,1.3313,0.0076,1204,2,111.26,2.46,2,0.942,148,0,0.0134,1196,4,1192,0,177.08,1152,0,1204,0,0,-3522.76
Boltz,relaxed_dualspace_ref15,boltz_input_model_3_r3,19620,20,20,,0,0.0,1196,0,1.3312,0.0078,1204,0,111.27,2.33,2,0.827,148,0,0.0144,1196,5,1190,1,176.74,1152,0,1204,0,0,-3393.45
Boltz,relaxed_dualspace_ref15,boltz_input_model_3_r4,19620,20,20,,0,0.0,1196,0,1.3316,0.0081,1204,2,111.3,2.36,1,0.692,148,0,0.0117,1196,4,1192,0,177.12,1152,0,1204,0,0,-3734.05
Boltz,relaxed_dualspace_ref15,boltz_input_model_3_r5,19620,20,20,,0,0.0,1196,0,1.3312,0.0077,1204,1,111.16,2.29,3,0.882,148,0,0.0123,1196,4,1192,0,177.1,1152,0,1204,0,0,-2991.43
Boltz,relaxed_dualspace_ref15,boltz_input_model_4_r1,19620,20,20,,0,0.0,1196,0,1.3315,0.0079,1204,0,111.21,2.34,2,0.901,148,0,0.0106,1196,4,1192,0,177.12,1152,0,1204,0,0,-3643.44
Boltz,relaxed_dualspace_ref15,boltz_input_model_4_r2,19620,20,20,,0,0.0,1196,0,1.3317,0.0075,1204,3,111.19,2.17,2,0.719,148,0,0.0111,1196,4,1192,0,177.18,1152,0,1204,0,0,-2548.89
Boltz,relaxed_dualspace_ref15,boltz_input_model_4_r3,19620,20,20,,0,0.0,1196,0,1.3316,0.0076,1204,2,111.31,2.22,4,0.735,148,0,0.012,1196,4,1192,0,177.19,1152,0,1204,0,0,-2824.52
Boltz,relaxed_dualspace_ref15,boltz_input_model_4_r4,19620,20,20,,0,0.0,1196,0,1.3314,0.0077,1204,1,111.23,2.42,2,0.766,148,0,0.0102,1196,4,1192,0,177.02,1152,0,1204,0,0,-3378.11
Boltz,relaxed_dualspace_ref15,boltz_input_model_4_r5,19620,20,20,,0,0.0,1196,0,1.3313,0.0075,1204,2,111.3,2.33,3,0.893,148,0,0.0138,1196,4,1192,0,177.08,1152,0,1204,0,0,-3340.47
Boltz,relaxed_normal_beta,boltz_input_model_0_r1,19648,20,20,,0,0.0,1196,0,1.3137,0.0179,1204,0,110.98,1.66,3,0.904,148,0,0.0046,1196,4,1192,0,176.03,1152,0,1204,0,0,-3740.92
Boltz,relaxed_normal_beta,boltz_input_model_0_r2,19648,20,20,,0,0.0,1196,0,1.3137,0.0179,1204,0,110.98,1.66,1,0.733,148,0,0.0041,1196,4,1192,0,176.04,1152,0,1204,0,0,-3744.97
Boltz,relaxed_normal_beta,boltz_input_model_0_r3,19648,20,20,,0,0.0,1196,0,1.3137,0.0179,1204,0,110.98,1.66,5,0.839,148,0,0.0041,1196,4,1192,0,176.01,1152,0,1204,0,0,-3764.6
Boltz,relaxed_normal_beta,boltz_input_model_0_r4,19648,20,20,,0,0.0,1196,0,1.3137,0.0179,1204,0,110.98,1.66,3,0.879,148,0,0.0041,1196,4,1192,0,176.07,1152,0,1204,0,0,-3773.08
Boltz,relaxed_normal_beta,boltz_input_model_0_r5,19648,20,20,,0,0.0,1196,0,1.3137,0.0179,1204,0,110.98,1.66,1,0.806,148,0,0.0041,1196,4,1192,0,176.01,1152,0,1204,0,0,-3752.58
Boltz,relaxed_normal_beta,boltz_input_model_1_r1,19644,20,20,,0,0.0,1196,0,1.3252,0.0204,1204,0,110.92,1.71,1,0.899,148,0,0.0006,1196,4,1188,4,175.84,1152,0,1204,0,0,8343.81
Boltz,relaxed_normal_beta,boltz_input_model_1_r2,19644,20,20,,0,0.0,1196,0,1.3252,0.0204,1204,0,110.92,1.71,3,0.79,148,0,0.0007,1196,4,1189,3,175.93,1152,0,1204,0,0,8018.15
Boltz,relaxed_normal_beta,boltz_input_model_1_r3,19644,20,20,,0,0.0,1196,0,1.3252,0.0204,1204,0,110.92,1.71,1,0.704,148,0,0.0006,1196,4,1190,2,176.0,1152,0,1204,0,0,8113.85
Boltz,relaxed_normal_beta,boltz_input_model_1_r4,19644,20,20,,0,0.0,1196,0,1.3252,0.0204,1204,0,110.92,1.71,1,0.946,148,0,0.0006,1196,4,1190,2,175.92,1152,0,1204,0,0,8137.67
Boltz,relaxed_normal_beta,boltz_input_model_1_r5,19644,20,20,,0,0.0,1196,0,1.3252,0.0204,1204,0,110.92,1.71,1,0.938,148,0,0.0006,1196,4,1189,3,175.96,1152,0,1204,0,0,8068.65
Boltz,relaxed_normal_beta,boltz_input_model_2_r1,19644,20,20,,0,0.0,1196,0,1.3231,0.021,1204,0,110.92,1.71,3,1.372,148,0,0.0006,1196,4,1188,4,175.94,1152,0,1204,0,0,5779.01
Boltz,relaxed_normal_beta,boltz_input_model_2_r2,19644,20,20,,0,0.0,1196,0,1.3231,0.021,1204,0,110.92,1.71,1,0.608,148,0,0.0006,1196,4,1188,4,175.82,1152,0,1204,0,0,5631.25
Boltz,relaxed_normal_beta,boltz_input_model_2_r3,19644,20,20,,0,0.0,1196,0,1.3231,0.021,1204,0,110.92,1.71,3,0.666,148,0,0.0023,1196,4,1188,4,175.56,1152,0,1204,0,0,5582.74
Boltz,relaxed_normal_beta,boltz_input_model_2_r4,19644,20,20,,0,0.0,1196,0,1.3231,0.021,1204,0,110.92,1.71,2,0.92,148,0,0.0007,1196,4,1189,3,175.77,1152,0,1204,0,0,5644.7
Boltz,relaxed_normal_beta,boltz_input_model_2_r5,19644,20,20,,0,0.0,1196,0,1.3231,0.021,1204,0,110.92,1.71,1,0.736,148,0,0.0006,1196,4,1187,5,175.96,1152,0,1204,0,0,5618.5
Boltz,relaxed_normal_beta,boltz_input_model_3_r1,19644,20,20,,0,0.0,1196,0,1.3249,0.0204,1204,0,110.92,1.73,4,0.92,148,0,0.0006,1196,5,1189,2,175.8,1152,0,1204,0,0,7219.44
Boltz,relaxed_normal_beta,boltz_input_model_3_r2,19644,20,20,,0,0.0,1196,0,1.3249,0.0204,1204,0,110.92,1.73,5,1.164,148,0,0.0007,1196,5,1188,3,175.82,1152,0,1204,0,0,7222.22
Boltz,relaxed_normal_beta,boltz_input_model_3_r3,19644,20,20,,0,0.0,1196,0,1.3248,0.0204,1204,0,110.92,1.73,3,3.07,148,0,0.0006,1196,5,1189,2,175.96,1152,0,1204,0,0,7542.91
Boltz,relaxed_normal_beta,boltz_input_model_3_r4,19644,20,20,,0,0.0,1196,0,1.3249,0.0204,1204,0,110.92,1.73,0,0.0,148,0,0.0007,1196,5,1189,2,175.82,1152,0,1204,0,0,7160.04
Boltz,relaxed_normal_beta,boltz_input_model_3_r5,19644,20,20,,0,0.0,1196,0,1.3249,0.0204,1204,0,110.92,1.73,3,0.969,148,0,0.0006,1196,5,1189,2,176.1,1152,0,1204,0,0,7496.86
Boltz,relaxed_normal_beta,boltz_input_model_4_r1,19644,20,20,,0,0.0,1196,0,1.3247,0.0213,1204,0,110.92,1.71,3,1.748,148,0,0.0007,1196,4,1189,3,176.06,1152,0,1204,0,0,5863.91
Boltz,relaxed_normal_beta,boltz_input_model_4_r2,19644,20,20,,0,0.0,1196,0,1.3247,0.0213,1204,0,110.92,1.7,3,0.827,148,0,0.0006,1196,4,1190,2,176.1,1152,0,1204,0,0,5169.01
Boltz,relaxed_normal_beta,boltz_input_model_4_r3,19644,20,20,,0,0.0,1196,0,1.3247,0.0213,1204,0,110.92,1.7,1,0.751,148,0,0.0026,1196,4,1189,3,175.63,1152,0,1204,0,0,5443.01
Boltz,relaxed_normal_beta,boltz_input_model_4_r4,19644,20,20,,0,0.0,1196,0,1.3247,0.0213,1204,0,110.92,1.7,5,1.486,148,0,0.0027,1196,4,1190,2,175.82,1152,0,1204,0,0,5355.9
Boltz,relaxed_normal_beta,boltz_input_model_4_r5,19644,20,20,,0,0.0,1196,0,1.3247,0.0213,1204,0,110.92,1.71,1,0.886,148,0,0.0006,1196,4,1189,3,175.91,1152,0,1204,0,0,5371.61
Boltz,relaxed_normal_ref15,boltz_input_model_0_r1,19648,20,20,,0,0.0,1196,0,1.3137,0.0179,1204,0,110.98,1.66,4,0.949,148,0,0.0053,1196,4,1192,0,175.76,1152,0,1204,0,0,-3976.8
Boltz,relaxed_normal_ref15,boltz_input_model_0_r2,19648,20,20,,0,0.0,1196,0,1.3137,0.0179,1204,0,110.98,1.66,2,0.737,148,0,0.0046,1196,4,1192,0,175.78,1152,0,1204,0,0,-3981.29
Boltz,relaxed_normal_ref15,boltz_input_model_0_r3,19648,20,20,,0,0.0,1196,0,1.3137,0.0179,1204,0,110.98,1.66,1,0.824,148,0,0.0051,1196,4,1192,0,175.84,1152,0,1204,0,0,-4006.94
Boltz,relaxed_normal_ref15,boltz_input_model_0_r4,19648,20,20,,0,0.0,1196,0,1.3137,0.0179,1204,0,110.98,1.66,2,0.766,148,0,0.0051,1196,4,1192,0,175.78,1152,0,1204,0,0,-4026.82
Boltz,relaxed_normal_ref15,boltz_input_model_0_r5,19648,20,20,,0,0.0,1196,0,1.3137,0.0179,1204,0,110.98,1.66,4,0.964,148,0,0.0052,1196,4,1192,0,175.87,1152,0,1204,0,0,-3978.7
Boltz,relaxed_normal_ref15,boltz_input_model_1_r1,19644,20,20,,0,0.0,1196,0,1.3252,0.0204,1204,0,110.92,1.71,2,1.264,148,0,0.0007,1196,4,1189,3,175.52,1152,0,1204,0,0,7718.09
Boltz,relaxed_normal_ref15,boltz_input_model_1_r2,19644,20,20,,0,0.0,1196,0,1.3252,0.0204,1204,0,110.92,1.71,6,2.744,148,0,0.0006,1196,4,1190,2,175.71,1152,0,1204,0,0,7950.97
Boltz,relaxed_normal_ref15,boltz_input_model_1_r3,19644,20,20,,0,0.0,1196,0,1.3252,0.0204,1204,0,110.92,1.71,6,1.432,148,0,0.0006,1196,4,1190,2,175.87,1152,0,1204,0,0,8037.96
Boltz,relaxed_normal_ref15,boltz_input_model_1_r4,19644,20,20,,0,0.0,1196,0,1.3252,0.0204,1204,0,110.92,1.7,1,0.652,148,0,0.0006,1196,4,1190,2,175.88,1152,0,1204,0,0,8220.4
Boltz,relaxed_normal_ref15,boltz_input_model_1_r5,19644,20,20,,0,0.0,1196,0,1.3252,0.0204,1204,0,110.92,1.71,1,0.507,148,0,0.0006,1196,4,1189,3,175.74,1152,0,1204,0,0,8056.35
Boltz,relaxed_normal_ref15,boltz_input_model_2_r1,19644,20,20,,0,0.0,1196,0,1.3231,0.021,1204,0,110.92,1.71,1,0.95,148,0,0.0018,1196,4,1187,5,175.54,1152,0,1204,0,0,5472.43
Boltz,relaxed_normal_ref15,boltz_input_model_2_r2,19644,20,20,,0,0.0,1196,0,1.3231,0.021,1204,0,110.92,1.71,2,1.628,148,0,0.0007,1196,4,1189,3,175.78,1152,0,1204,0,0,5452.55
Boltz,relaxed_normal_ref15,boltz_input_model_2_r3,19644,20,20,,0,0.0,1196,0,1.3231,0.021,1204,0,110.92,1.71,3,1.042,148,0,0.0006,1196,4,1187,5,175.67,1152,0,1204,0,0,5441.24
Boltz,relaxed_normal_ref15,boltz_input_model_2_r4,19644,20,20,,0,0.0,1196,0,1.3231,0.021,1204,0,110.92,1.71,5,2.405,148,0,0.0006,1196,4,1189,3,175.71,1152,0,1204,0,0,5513.48
Boltz,relaxed_normal_ref15,boltz_input_model_2_r5,19644,20,20,,0,0.0,1196,0,1.3231,0.021,1204,0,110.92,1.71,2,0.794,148,0,0.0007,1196,4,1188,4,175.85,1152,0,1204,0,0,5440.58
Boltz,relaxed_normal_ref15,boltz_input_model_3_r1,19644,20,20,,0,0.0,1196,0,1.3249,0.0204,1204,0,110.92,1.73,4,1.272,148,0,0.0007,1196,7,1189,0,175.36,1152,0,1204,0,0,7118.01
Boltz,relaxed_normal_ref15,boltz_input_model_3_r2,19644,20,20,,0,0.0,1196,0,1.3249,0.0204,1204,0,110.92,1.73,1,0.661,148,0,0.0006,1196,5,1189,2,175.46,1152,0,1204,0,0,7017.98
Boltz,relaxed_normal_ref15,boltz_input_model_3_r3,19644,20,20,,0,0.0,1196,0,1.3249,0.0204,1204,0,110.92,1.73,4,1.841,148,0,0.0006,1196,6,1189,1,175.38,1152,0,1204,0,0,7067.69
Boltz,relaxed_normal_ref15,boltz_input_model_3_r4,19644,20,20,,0,0.0,1196,0,1.3249,0.0204,1204,0,110.92,1.73,7,2.023,148,0,0.0023,1196,6,1189,1,175.56,1152,0,1204,0,0,7086.27
Boltz,relaxed_normal_ref15,boltz_input_model_3_r5,19644,20,20,,0,0.0,1196,0,1.3249,0.0204,1204,0,110.92,1.73,2,0.546,148,0,0.0021,1196,5,1188,3,175.7,1152,0,1204,0,0,7144.29
Boltz,relaxed_normal_ref15,boltz_input_model_4_r1,19644,20,20,,0,0.0,1196,0,1.3247,0.0213,1204,0,110.92,1.7,10,2.264,148,0,0.0006,1196,4,1190,2,175.95,1152,0,1204,0,0,141768.49
Boltz,relaxed_normal_ref15,boltz_input_model_4_r2,19644,20,20,,0,0.0,1196,0,1.3247,0.0213,1204,0,110.92,1.7,2,1.026,148,0,0.0025,1196,4,1189,3,175.69,1152,0,1204,0,0,5061.81
Boltz,relaxed_normal_ref15,boltz_input_model_4_r3,19644,20,20,,0,0.0,1196,0,1.3246,0.0213,1204,0,110.92,1.71,4,0.892,148,0,0.0006,1196,4,1190,2,175.76,1152,0,1204,0,0,5361.92
Boltz,relaxed_normal_ref15,boltz_input_model_4_r4,19644,20,20,,0,0.0,1196,0,1.3246,0.0213,1204,0,110.92,1.71,1,0.671,148,0,0.0025,1196,4,1190,2,175.7,1152,0,1204,0,0,5033.68
Boltz,relaxed_normal_ref15,boltz_input_model_4_r5,19644,20,20,,0,0.0,1196,0,1.3247,0.0213,1204,0,110.92,1.71,6,0.933,148,0,0.0006,1196,4,1189,3,175.68,1152,0,1204,0,0,5048.4
